{
  "sample_count": 21,
  "models": {
    "eval_generation_profile": "nim_3super120",
    "eval_embedding_profile": "nim_nemotron_2048",
    "critic_model": "gpt-4.1-mini"
  },
  "response_quality": {
    "answer_correctness": 0.6744530435714287,
    "answer_relevancy": 0.978283621142857,
    "faithfulness": 0.980952380952381
  },
  "contextual_accuracy": {
    "contextual_precision": 0.9078042328095238,
    "contextual_recall": 0.9940476190476191,
    "contextual_relevancy": 0.5226140332857142,
    "hit_rate": 0.9523809523809523,
    "mrr": 0.8849206349047618
  }
}